label,link
artemis_rose,https://vuonhoaviet.vn/hoa-hong-artemis-rose-la-gi-cach-trong-cham-soc-mua-ban-hoa-hong-nhap-ngoai-duc-artemis-o-dau
beatrice_rose,https://vuonhoaviet.vn/hoa-hong-ngoai-beatrice-cach-trong-cham-soc-mua-ban-hoa-hong-nhap-ngoai-david-austin-beatrice-rose-o-dau
bishop_rose,https://kivibara.blogspot.com/p/hong-bishops-castle.html
catalina_rose,https://vuonhoaviet.vn/giai-ma-bi-an-ve-hoa-hong-catalina-rose-mau-vang-chanh-tuyet-dep
co_bach_nam_dinh_rose,https://vuonhoaviet.vn/shop/hoa-hong-bach-nam-dinh-va-nhung-bi-mat-chua-duoc-he-lo/
co_hai_phong_rose,https://kivibara.blogspot.com/p/hong-leo-co-hai-phong.html
co_hue_rose,https://kivibara.blogspot.com/p/hoa-hong-co-hue.html
co_que_rose,https://kivibara.blogspot.com/p/hong-que-son.html
co_sa_pa_rose,https://kivibara.blogspot.com/p/hoa-hong-co-sapa.html
co_son_la_rose,https://kivibara.blogspot.com/p/leo-co-son-la.html
co_son_moi_rose,https://kivibara.blogspot.com/p/hong-co-son-moi.html
co_tu_quy_rose,http://thegioihoahong.com.vn/san-pham/hong-leo-tu-quy
crown_princess_rose,https://kivibara.blogspot.com/p/hoa-hong-crown-princess-margareta.html
ethelburga_rose,http://hoahongleo.net/hoa-hong-bui/hoa-hong-bui-st-ethelburga.html
golden_celebration_rose,https://kivibara.blogspot.com/p/hong-golden-celebration.html
guardian_angel_rose,http://thegioihoahong.com.vn/san-pham/hoa-hong-tree-rose-guardian-angel
honey_rose,http://hoahongleo.net/hoa-hong-bui/hoa-hong-bui-honey-dijon.html
hong_dao_co_rose,https://kivibara.blogspot.com/p/hoa-hong-dao-co.html
hong_dieu_co_rose,https://kivibara.blogspot.com/p/hoa-hong-co-dieu.html
huntington_rose,https://kivibara.blogspot.com/p/hong-huntington.html
juliet_rose,https://vuonhoaviet.vn/hoa-hong-trieu-do-juliet-la-gi-cach-trong-cham-soc-mua-ban-hoa-hong-ngoai-david-austin-juiet-o-dau
julio_rose,https://kivibara.blogspot.com/p/hong-julio-iglesias.html
keira_rose,https://vuonhoaviet.vn/hoa-hong-ngoai-keira-la-gi-cach-trong-cham-soc-mua-ban-hoa-hong-nhap-ngoai-david-austin-keira-o-dau
kew_rambler_rose,https://vattunongsan.com/chia-se-kien-thuc/tong-hop-15-giong-hoa-hong-leo-dep-nhat-viet-nam.html
lady_rose,https://hoadepviet.com/hoa-hong-leo-lady-of-shalotte-tuyet-dep/
madame_rose,https://www.vuonhongvanloan.com/thu-vien-hoa-hong/hoa-hong-madame-alfred-carriere-rose.html
masora_rose,https://vuonhoaviet.vn/hoa-hong-masora-rose-la-gi-cach-trong-cham-soc-mua-ban-hoa-hong-nhap-ngoai-nhat-masora-o-dau
misaki_rose,https://vuonhoaviet.vn/hoa-hong-misaki-rose-la-gi-cach-trong-cham-soc-mua-ban-hoa-hong-nhap-ngoai-nhat-misaki-o-dau
monalisa_rose,https://baokhuyennong.com/hoa-hong-leo-nhap-ngoai-monalisa-rose/
mon_coeur_rose,https://vuonhoaviet.vn/shop/the-rang-hong-leo-mon-coeur-rose-la-giong-hong-dep-nhat-ban-tung-trong/
nahema_rose,https://vuonhoaviet.vn/hoa-hong-leo-nahema-la-gi-cach-trong-cham-soc-mua-ban-hoa-hong-leo-nhap-ngoai-nahema-o-dau
new_dawn_rose,http://thegioihoahong.com.vn/san-pham/hoa-hong-leo-new-dawn
pasde_rose,https://vuonhoaviet.vn/hoa-hong-pas-de-deux-rose-la-gi-cach-trong-cham-soc-mua-ban-hoa-hong-nhap-ngoai-nhat-pas-de-deux-o-dau
phan_nu_hoang_rose,https://kivibara.blogspot.com/p/hoa-hong-phan-nu-hoang.html
red_eden_rose,https://kivibara.blogspot.com/p/hong-red-eden.html
renae_rose,https://websosanh.vn/tin-tuc/cach-trong-gian-hoa-hong-leo-don-gian-bien-c68-20180806073223413.htm
tam_xuan_bac_rose,http://thegioihoahong.com.vn/san-pham/hong-tam-xuan-bac
tam_xuan_kep_rose,https://hungthinhgarden.com/san-pham/hoa-hong-leo-tam-xuan-canh-kep/
vankhoi_rose,https://kivibara.blogspot.com/p/hong-van-khoi.html
winchester_rose,https://hienhoahong.com/san-pham/hoa-hong-leo-winchester/